"First Name","Middle Name","Last Name"
"Jennifer","","Null"
"Prince","",""
"Mario","","Mario"
"Janice","","Keihanaikukauakahihulihe'ekahaunaele"
"John","","Doe"
"Ice","","T"
"Joaquín","Añonuevo","O'Null"
"Robert');"," DROP TABLE ","students;"
"John","","Graham-Cumming"
"José","","Eduardo Santos Tavares Melo Silva"
"Dũng","Tấn","Nguyễn"
"Zoë","Claire","Deschanel"
"Adolph","Blaine Charles David Earl Frederick Gerald Hubert Irvin John Kenneth Lloyd Martin Nero Oliver Paul Quincy Randolph Sherman Thomas Uncas Victor William Xerxes Yancy Zeus","Wolfeschlegelsteinhausenbergerdorffwelchevoralternwarengewissenhaftschaferswessenschafewarenwohlgepflegeundsorgfaltigkeitbeschutzenvorangreifendurchihrraubgierigfeindewelchevoralternzwolfhunderttausendjahresvorandieerscheinenvonderersteerdemenschderraumschiffgenachtmittungsteinundsiebeniridiumelektrischmotorsgebrauchlichtalsseinursprungvonkraftgestartseinlangefahrthinzwischensternartigraumaufdersuchennachbarschaftdersternwelchegehabtbewohnbarplanetenkreisedrehensichundwohinderneuerassevonverstandigmenschlichkeitkonntefortpflanzenundsicherfreuenanlebenslanglichfreudeundruhemitnichteinfurchtvorangreifenvorandererintelligentgeschopfsvonhinzwischensternartigraum"
